Balls Bowled,Wickets Lost: 0,Wickets Lost: 1,Wickets Lost: 2,Wickets Lost: 3,Wickets Lost: 4,Wickets Lost: 5,Wickets Lost: 6,Wickets Lost: 7,Wickets Lost: 8,Wickets Lost: 9
1,99.98828684063147,100.0,,,,,,,,
2,99.47360302115436,99.6747704514393,100.0,,,,,,,
3,98.92351408586657,99.21084897761477,99.69325153374233,,,,,,,
4,98.32527630701615,98.69249211304319,99.66070451337885,,,,,,,
5,97.66422112992969,98.27620008360898,98.88023579451153,,,,,,,
6,97.02804766210306,97.61013730266234,98.5704217532682,,,,,,,
7,96.1825194328871,96.92916748169422,97.25279098361412,,,,,,,
8,95.49306701520177,96.11235329652554,96.43526420949702,97.33333333333334,,,,,,
9,94.80937610654858,95.42393858083088,96.1220013549686,97.33333333333334,,,,,,
10,94.17978319738857,94.45969010302485,95.01189511628918,93.42268041237114,,,,,,
11,93.38099275815529,93.9534843433477,93.31432377288195,94.29348284801351,,,,,,
12,92.54260340718446,93.41502730141063,92.72108242704826,88.28214883511842,,,,,,
13,91.44543322692506,92.39759797896743,91.87104257985061,88.87248621773134,90.66666666666666,,,,,
14,90.64120627412612,91.59998386948176,91.23604865779103,87.95839339202986,91.76190476190476,,,,,
15,89.72463179397548,90.89724542799216,90.8364221547402,87.81668930907482,91.76190476190476,,,,,
16,88.84062021314263,90.15220919345987,89.76202162811971,87.93019332251019,91.42857142857144,90.66666666666666,,,,
17,87.9289419151039,89.23924215305688,89.22632605075131,89.8914332185977,72.60975018190639,90.66666666666666,,,,
18,87.13921802827359,88.53703720910431,88.08619416590345,88.52764872493043,76.90694633606348,90.66666666666666,,,,
19,86.10668128628694,87.68395631356995,87.21721858179018,86.72146179702806,75.70798118124095,89.33333333333333,,,,
20,85.32899735154174,86.84314805076946,86.56064430697171,85.97660485166644,74.4275623923332,89.33333333333333,,,,
21,84.35198689896383,85.88576226696587,85.91409866333535,85.55291868915992,80.26020993031744,89.33333333333333,,,,
22,83.55395323585918,84.8671355464165,85.16477166416011,84.91887400587159,80.26292575892587,89.33333333333333,,,,
23,82.7163929244003,84.02507293466955,84.56910550874825,84.33667637568642,79.229559046078,,89.33333333333333,,,
24,81.90616668337387,83.18656876992178,83.95748839795891,83.81814598999425,83.95059436393586,12.903225806451612,89.33333333333333,,,
25,80.94870293929901,82.16170281339497,83.16205072100247,82.38260518947985,84.02114384257726,12.903225806451612,88.0,,,
26,80.09196684136458,81.37531914390806,82.09517938902418,81.52608917509666,81.71511408092259,11.29032258064516,88.0,,,
27,79.14887984910236,80.55785164468739,81.20343821272311,80.98901704884038,80.92630601608793,9.67741935483871,88.0,,,
28,78.14986124683212,79.74788066154694,80.38666125431695,79.64702567878876,80.30906576000311,86.80555555555556,48.03225806451613,,,
29,77.35000284453466,78.72760227954373,79.55233833259422,78.65951942874312,80.06714295703443,86.80555555555556,48.03225806451613,,,
30,76.45793770822789,77.75045952429188,78.77519801043452,78.00832826138355,78.41749389984439,84.55662393162393,85.33333333333334,1.6129032258064515,,
31,75.54171763619333,76.89614134853217,77.72051384533283,77.30239781493849,77.24336478420796,84.55662393162393,85.33333333333334,1.6129032258064515,,
32,74.92456458528964,75.86892986260892,76.71299243090763,76.45399071226117,76.73842133672849,83.30765482081272,84.0,,,
33,74.08430020810165,74.87580958805553,75.97360231670564,75.70674020231925,74.3161789020866,81.40931254418096,82.66666666666667,,,
34,73.04130947505114,74.1743967104457,74.99238271079942,74.9844522701516,73.12274674138902,78.83374110666568,82.66666666666667,,,
35,72.06279130736067,73.16173645118432,74.28438763999469,74.20107133764165,71.7053689934252,78.51941362128557,82.66666666666667,,,
36,71.11133956073029,72.50149340068602,73.29136466632615,73.53917613813948,70.0475053341315,76.35938234525554,82.66666666666667,,,
37,70.223175928928,71.51843258450478,71.92478213967945,72.90424895935338,68.67616732945153,70.72961326564652,81.26388888888889,,,
38,69.75032628297627,70.96300973345076,71.3709729227392,72.0753566316525,68.83823254963248,69.20029511193239,80.59722222222223,,,
39,68.81450943395224,70.50730991952629,70.53103092557112,71.48660509552003,68.45513262648934,67.92074454808747,77.58333333333333,,,
40,68.2665053112165,69.76596334181953,69.81950052850792,71.18427958947976,67.51167672668772,64.59683907212015,75.60769980506822,,,
41,67.41046416139405,69.25925185071044,68.95619138431478,70.44688498308484,67.02695507763373,64.830623651599,66.45491574727195,,,
42,66.60222964508243,68.58899958818336,68.30118347680518,69.60960529020717,66.19465369017124,64.76351092255939,65.69023934406462,,,
43,65.92827616549566,67.5780143064005,67.49881256226357,68.34310678465236,66.07843380881702,64.73044651113572,66.66267257490806,,,
44,65.16468821290466,67.04731214571432,66.73130140774181,67.57182915461998,65.36151724420628,64.28119490751303,64.90156146379695,,,
45,64.51307050544428,66.26184905398652,66.0538929979655,66.67219240166463,65.01684833016549,63.76128290774448,63.65622676393159,,,
46,63.780591669919474,65.52043811883449,65.40177782095334,65.71425953796253,64.74067157373071,62.233999481555664,60.17978688129258,,,
47,62.797566672210294,64.8745179313976,64.68692086912603,64.88912918175849,64.22667211437016,61.5861766889237,58.09525280842427,,,
48,62.1556693791959,64.27062364850941,63.837548227162486,64.3401289772692,62.85546003492589,61.723685247890664,57.23298878199097,,,
49,60.883134921053795,63.48522189491116,63.33251139759522,63.74644315621762,61.381550168404466,61.64828336770467,57.9799280191863,,,
50,60.28557782808704,62.85578436965539,62.3767252993159,63.09955319956835,60.719532785136956,59.83895703475355,53.75280122998222,55.78947368421052,,
51,59.66210922401395,62.10366680504995,61.30925246544566,62.83217028776816,59.92151492788212,59.168100396637236,52.52689820134964,55.78947368421052,,
52,59.06031229571241,61.200909127235384,60.93161265321137,61.64411709905664,59.17343621305368,58.88909142869167,52.007126135009266,55.78947368421052,,
53,58.26811011223125,60.378644100758635,60.38453137552984,60.60771041266319,58.983894036275515,57.50442051722552,49.026896004423534,52.88807828151236,,
54,57.422355933960425,59.545102371455286,59.91128158844141,59.71041849494736,58.30192874641921,56.38814127408034,47.748177146487784,50.33272537780094,,
55,56.440197966685616,58.90885511719048,58.8670503194303,59.29049314217557,56.981696751559035,55.449609867503824,46.046572299175125,49.602744484974814,,
56,55.689446322127296,58.177560730517946,58.25627768787423,58.584040784535425,56.361582867898434,54.97044704860242,45.16506821820685,45.05990456630802,,
57,55.04320618500622,57.50607845080182,57.45483154258555,57.75766829372959,56.259161569976214,54.87554578686704,39.32345894343256,44.47591985204713,,
58,53.801697006258784,56.77324472528914,56.68708864149247,57.153122242659045,55.8845009298977,53.5109195909894,37.8828648770242,41.9685027945519,,
59,52.926345812175285,55.961462207684804,56.08355920652294,56.231080672787066,55.2430400871535,52.69670487635594,39.71624209280254,41.70183612788524,,
60,52.31204260587845,55.125737961848735,55.26223672138628,55.57092496925278,54.65593741821765,51.9268023757778,39.43630290327929,40.91983161164414,,
61,52.36586453488322,53.99414426010965,54.103700446727025,54.21194616267553,54.0181689733553,51.26621433536114,42.407634257830615,38.19183701066115,,
62,50.83902545934527,53.603655958923845,53.708655213948866,53.82652056560346,53.182141205487575,50.090849832524846,43.08046475968219,35.952581815791824,,
63,50.070738454676615,52.84482291598634,52.821612054354524,53.2332187883491,52.321817384817216,50.11496421333239,41.65022288643489,33.840747295636696,,
64,49.264411673856436,51.86351957362834,52.139000566732754,52.36660844263332,51.69022172800129,49.129821108784384,44.265982446012615,32.7481022707722,22.77227722772277,
65,48.899665510674964,51.06971126678512,51.39397565245072,51.7829976739021,50.90855793175358,48.21715066304847,43.48955641706533,31.258178136111226,22.77227722772277,
66,48.22601430729155,50.28881390710351,50.80144691574147,50.8095663209083,50.08008726360191,48.194770825657436,42.37074781228539,31.75038254863427,22.647399875122645,
67,47.173804640440665,49.359217739099684,49.905551408487696,50.2534768173499,50.30180033540018,45.0633029216699,41.31972237415686,30.625915304562323,22.68902565932269,
68,46.340406320321954,48.60325647504329,48.947106611121455,49.554408438826364,49.60116386692943,44.93782696731087,41.41349115606538,33.79631434052596,17.21707417328526,
69,45.34202498994502,48.00100640448615,48.14688609386304,48.67489900706774,48.56895710056207,45.4171386112383,41.472122362128644,31.913996170030057,17.21707417328526,
70,44.86010860550134,47.44854581786078,47.177317559572636,47.96393080177245,47.870771207505825,44.93251724446036,40.733788498571506,31.170321127829308,20.355851572604283,
71,43.89135814398099,46.69611928699126,46.26071226108367,47.315326402226056,47.05730708032793,45.07538042198055,38.48654509578869,30.59320408399049,13.220876280996725,33.68421052631579
72,43.02586117018653,46.065295567823526,45.46234053441521,46.51495110398227,46.21881937821014,44.452705817657716,39.41838520353607,26.51156525106072,18.82080099901882,17.35756918068367
73,42.41449697343124,45.020404787653305,44.69188910057153,45.66370293018529,45.51904557261903,43.35589095631775,39.12703969303929,27.85171262224717,18.61944938532009,33.68421052631579
74,41.83804090015448,44.35825578140335,43.78623255738232,45.0295656765807,44.424518152151705,42.48112066970373,39.24981504778808,27.396189374505965,18.289416382019763,33.68421052631579
75,41.279779358905,43.28475914273716,43.11635450370399,44.095918372218165,43.82250408694389,41.38591691959025,38.89336702438661,27.05074110762212,17.57764564214768,29.47368421052631
76,41.05818948463908,42.596089004717456,42.42324998620391,43.220213959883694,43.17119868469337,40.64832764517431,39.28514812150481,26.571680594529017,16.455865378490046,27.368421052631582
77,40.14339272296863,41.796049971361555,41.706732028141694,42.479911816857296,42.30412387626498,39.875318207074216,38.54951888616205,24.25865311641291,21.48384013433059,23.157894736842103
78,39.14354831152481,41.048338981617135,40.98430449232294,41.65178774435206,41.61285585132296,39.6794486797598,36.75197977141798,24.96679297124581,20.998293274544377,23.157894736842103
79,38.180817344152814,40.402483670285974,39.81550004806488,41.02271800949333,40.49607477192532,39.551447138336954,35.31228165442826,23.97641191050501,19.897102328428588,22.105263157894736
80,37.98519623408585,39.35564598179199,39.25312492263786,40.09102329303819,39.73465169219791,38.78689078937979,35.05601303654963,25.069724878385614,18.596953462950562,22.105263157894736
81,36.54984037681837,38.50882602579743,38.33118941758984,39.33202508560134,38.777499791915005,38.22911877476304,34.9145797910122,24.400417367122447,19.98759034816996,14.18683485277448
82,35.38927844994822,37.52228546011707,37.66524522411272,38.43463310017541,37.98994362379377,37.91895156985311,33.3513863251681,27.922539204361996,16.540673682800126,14.18683485277448
83,34.62162660711517,36.88471840735988,36.82996597373757,37.48037504173748,37.463604096867265,36.80760390604015,32.95098778045031,28.13088978841573,16.705249579522523,12.081571694879742
84,34.07656167430326,36.194585146214564,36.11640079067072,36.47634387603199,36.807112048011724,36.105820493923964,33.259228033424606,27.03667359320961,16.33163669495485,7.628496029201401
85,33.02321634310633,35.24288427258746,35.495222911766774,35.53995859469892,35.7981974985842,35.31764084883256,32.77962957278764,27.06731317506069,17.25420542058473,6.3406172413226125
86,31.990757020628532,34.509552489594775,34.51141020106322,34.86753788970056,34.963899923813216,34.214564259759435,32.34526056742644,26.881459205084635,15.298919177459595,8.458294283036551
87,30.59709632817088,33.97965670202921,33.54383139167321,33.889563476490245,34.07709594224896,33.55638366672577,31.6488200902143,25.989654305909816,17.158968058991842,9.27509760112198
88,29.66743736338519,33.311053718611205,32.52481077583504,33.00792076964887,33.03411946100329,33.13842866089517,30.638707806296427,25.906781674913663,16.569246519904,9.27509760112198
89,28.584256090268852,31.917339058919634,31.638364304945465,32.195665216786146,32.40335797675334,32.18404013047957,29.873885926199353,24.251939196417545,18.12572668226536,7.48046510822874
90,27.691693707835846,31.13518656689374,30.696030794841196,31.62147422575045,31.440599956782002,31.24502562954857,28.8973042729759,24.669236096211932,16.253466293619216,12.689480231036967
91,26.158620248899595,29.985410599702636,29.845494648625074,30.85770380468406,30.65987426930954,30.685506782937416,27.771395291426973,26.28007233186279,16.377454225238587,10.001733901212528
92,26.31027889422895,29.13789369678095,29.00452449422391,29.66811817839786,29.911520205043512,29.36378546700888,27.389982277355546,24.318049898525107,17.7446227328511,11.67090215488321
93,25.131344056228503,28.273659549115067,28.091527218274866,28.909210075821985,29.0706328388411,28.53560985613673,26.569664037775215,23.715329296050573,18.287261417565784,12.687734546511159
94,24.18567125660411,27.40155660736084,27.159260137835844,27.891348856232938,28.188039110373843,27.631577723966522,25.83800655681703,23.89800506431856,17.67963930296322,12.991757352912577
95,23.006903718934485,26.384544934111467,26.44280004855877,26.964739623722146,27.103136084911178,26.840049191779915,25.439795965353316,24.06668607729632,17.906238555362705,11.914306494602796
96,22.6182219936191,25.685728910845793,25.606549416383878,25.981454098556057,26.20668015069287,26.410535137331255,24.53220589802217,23.407385876103426,16.45381844995204,13.20760245683157
97,21.085725023605765,24.86992668811167,24.844761646968053,24.912907704229887,25.184913228254224,25.263442745483,24.06467168501766,23.842590861343872,15.603945326836795,15.086216705440346
98,20.909440239347447,23.79051475322123,23.922897898166525,24.106087366280246,24.24221882134055,24.056512547218027,23.318075671242735,22.522039376045576,14.688088128029392,16.91771811094929
99,20.401325846870403,22.6372815498847,22.882108575773298,23.186817435811637,23.501264344255123,22.6794396223581,22.964769351742415,21.301113632588965,14.826664533912677,15.673128339128548
100,19.933279042189934,21.885387364142343,21.913345782215153,22.26270925228909,22.707235781855896,21.77155280700776,22.02493099003143,20.38317794932636,15.030795398429614,14.210466883835918
101,19.465232237509465,21.234640098275342,20.973613345538233,21.36444700282396,21.78868151068568,20.87681502144141,21.324821493049644,19.186946448660724,14.764005305080937,12.613405002538439
102,18.99089908990899,20.40360273664107,20.156807786109663,20.23607893720737,21.076227450811032,20.042493446824725,20.504173411707168,18.343433864107865,13.881287225481582,11.178999196375276
103,17.80763790664781,19.494067294293657,19.090932681914797,19.476870220959782,20.141308743118806,19.23079181699918,18.815377127311805,18.052580507137723,14.72030576816048,12.209886502572498
104,21.216407355021218,18.098037492468045,18.065889784496104,18.35248177364731,19.07346174230566,18.13769917864077,18.163622425292285,17.291358663640974,13.16466124806504,11.866553499062318
105,19.54031117397454,17.000601246058316,17.159711025541622,17.39479769633615,18.031698145269317,17.105935100576694,17.229678465678298,16.33118364116564,12.67340272167758,10.562543305095788
106,17.57897218293258,15.65062250139891,16.061589330481084,16.35490492297532,17.33740808600067,16.011268258729324,16.205303075143636,16.142871548361963,11.548789469474137,10.661503916725334
107,22.857142857142858,14.52956628213083,15.073785469708737,15.518865211385775,16.283475019762765,14.996354887399756,15.498477666872775,15.738118116188076,11.10185003105603,9.797557025792551
108,22.380952380952383,13.915362667695334,13.749217668388829,14.72961727943893,15.182956622174796,14.0970123745888,14.530270072679638,15.182325673106831,11.035336461465585,8.073010307738976
109,21.904761904761905,12.974775332653506,12.712220630774114,13.584726495572726,14.307906888802844,13.104547768969216,13.326487864844736,14.477458782598655,10.698326978808344,7.777786542672669
110,19.047619047619047,11.40176727830843,11.810107237840699,12.717182356658936,12.976950519342253,12.416793593430805,12.10570448032651,13.002569748919687,10.537234476662512,6.682287361959936
111,18.571428571428573,10.570737745045182,10.962512076817086,11.584541553908135,11.743896229179335,11.489437669636544,10.947311817844323,11.758804785852055,10.055175300975913,6.261205381726201
112,15.714285714285714,9.867054183705461,9.97232552391575,10.630306620666527,10.53200332875312,10.43611151857954,10.25210188016542,10.166959339066986,9.449774073779121,6.05089994049382
113,12.857142857142856,8.701078493725912,8.977821592891196,9.747770944532167,9.483711855168666,9.37008338370432,9.193931405552396,9.32967696708549,8.323337444115872,5.717304673767317
114,10.0,7.667917743749825,7.670512509273858,8.778536534964811,8.513864837021712,8.357135390352955,8.179132935765065,8.225544493899221,7.566891278766463,5.907903723312769
115,9.285714285714285,6.2262042278976075,6.606837754796965,7.382414387189619,7.220225997773394,7.4969702132045235,6.75167518988504,7.258069397513188,6.658012269213654,5.163699254580846
116,8.095238095238095,5.0107951999835425,5.428203605397558,6.376872418752177,6.199224935415298,6.299581468238413,5.922649993317355,5.89911920049318,5.64941923945581,4.300348050249042
117,6.190476190476191,4.468246502306055,4.389510736091946,5.342121651779859,5.253742008042813,5.092507281077876,4.9111096956282125,4.650565637994901,4.581971563592759,3.5010130950306584
118,4.285714285714286,2.8892163229582266,3.4322621849024664,4.119825935214387,4.060069832818741,4.0141615214198465,3.706957750378617,3.5758170683345663,3.7139829885977296,2.6628812287475268
119,2.380952380952381,2.3871339402386624,2.4026953984791484,2.8644903125095276,2.9041795536652324,3.0163419252130517,2.670381408793751,2.4945565570588992,2.5358715947728556,2.107803296338994
120,0.0,0.0,0.0,0.0,0.0,0.0,0.0,0.0,0.0,0.0
