Overs Remaining,0,1,2,3,4,5,6,7,8,9
20.0,100.0,96.8,92.0,84.9,76.0,68.2,53.5,37.7,21.8,8.3
19.83,99.35,96.21666666666667,91.48333333333333,84.45,75.63333333333333,67.93333333333334,53.31666666666666,37.6,21.766666666666666,8.3
19.67,98.7,95.63333333333333,90.96666666666667,84.0,75.26666666666667,67.66666666666667,53.13333333333333,37.5,21.733333333333334,8.3
19.5,98.05,95.05,90.45,83.55000000000001,74.9,67.4,52.95,37.400000000000006,21.700000000000003,8.3
19.33,97.39999999999999,94.46666666666667,89.93333333333334,83.10000000000001,74.53333333333333,67.13333333333333,52.766666666666666,37.300000000000004,21.666666666666668,8.3
19.17,96.75,93.88333333333333,89.41666666666667,82.65,74.16666666666666,66.86666666666666,52.58333333333333,37.2,21.633333333333333,8.3
19.0,96.1,93.3,88.9,82.2,73.8,66.6,52.4,37.1,21.6,8.3
18.83,95.44999999999999,92.68333333333334,88.35000000000001,81.73333333333333,73.41666666666666,66.33333333333333,52.2,36.983333333333334,21.55,8.3
18.67,94.8,92.06666666666666,87.8,81.26666666666667,73.03333333333333,66.06666666666666,52.0,36.86666666666667,21.5,8.3
18.5,94.15,91.44999999999999,87.25,80.80000000000001,72.65,65.8,51.8,36.75,21.450000000000003,8.3
18.33,93.5,90.83333333333333,86.7,80.33333333333334,72.26666666666667,65.53333333333333,51.6,36.63333333333333,21.400000000000002,8.3
18.17,92.85,90.21666666666667,86.14999999999999,79.86666666666667,71.88333333333333,65.26666666666667,51.400000000000006,36.516666666666666,21.35,8.3
18.0,92.2,89.6,85.6,79.4,71.5,65.0,51.2,36.4,21.3,8.3
17.83,91.53333333333333,88.94999999999999,85.01666666666667,78.9,71.08333333333333,64.71666666666667,50.983333333333334,36.266666666666666,21.25,8.3
17.67,90.86666666666667,88.3,84.43333333333332,78.4,70.66666666666667,64.43333333333334,50.766666666666666,36.13333333333333,21.2,8.3
17.5,90.2,87.65,83.85,77.9,70.25,64.15,50.55,36.0,21.15,8.3
17.33,89.53333333333333,87.0,83.26666666666667,77.4,69.83333333333333,63.86666666666667,50.333333333333336,35.86666666666667,21.1,8.3
17.17,88.86666666666667,86.35,82.68333333333332,76.9,69.41666666666667,63.58333333333333,50.11666666666667,35.733333333333334,21.05,8.3
17.0,88.2,85.7,82.1,76.4,69.0,63.3,49.9,35.6,21.0,8.3
16.83,87.51666666666667,85.05,81.5,75.88333333333334,68.56666666666666,62.96666666666666,49.666666666666664,35.46666666666667,20.933333333333334,8.3
16.67,86.83333333333333,84.4,80.89999999999999,75.36666666666667,68.13333333333334,62.63333333333333,49.43333333333333,35.333333333333336,20.866666666666667,8.3
16.5,86.15,83.75,80.3,74.85,67.7,62.3,49.2,35.2,20.8,8.3
16.33,85.46666666666667,83.1,79.7,74.33333333333333,67.26666666666667,61.96666666666666,48.96666666666667,35.06666666666666,20.733333333333334,8.3
16.17,84.78333333333333,82.45,79.1,73.81666666666666,66.83333333333334,61.63333333333333,48.733333333333334,34.93333333333333,20.666666666666668,8.3
16.0,84.1,81.8,78.5,73.3,66.4,61.3,48.5,34.8,20.6,8.3
15.83,83.39999999999999,81.15,77.88333333333333,72.75,65.93333333333334,60.949999999999996,48.25,34.65,20.533333333333335,8.3
15.67,82.7,80.5,77.26666666666667,72.2,65.46666666666667,60.6,48.0,34.5,20.46666666666667,8.3
15.5,82.0,79.85,76.65,71.65,65.0,60.25,47.75,34.349999999999994,20.4,8.3
15.33,81.3,79.2,76.03333333333333,71.1,64.53333333333333,59.9,47.5,34.199999999999996,20.333333333333332,8.3
15.17,80.60000000000001,78.55000000000001,75.41666666666666,70.55,64.06666666666666,59.550000000000004,47.25,34.05,20.266666666666666,8.3
15.0,79.9,77.9,74.8,70.0,63.6,59.2,47.0,33.9,20.2,8.3
14.83,79.15,77.2,74.15,69.43333333333334,63.11666666666667,58.81666666666667,46.733333333333334,33.733333333333334,20.133333333333333,8.3
14.67,78.4,76.5,73.5,68.86666666666666,62.63333333333333,58.43333333333334,46.46666666666667,33.56666666666666,20.066666666666666,8.3
14.5,77.65,75.80000000000001,72.85,68.3,62.150000000000006,58.05,46.2,33.4,20.0,8.3
14.33,76.9,75.10000000000001,72.2,67.73333333333333,61.66666666666667,57.666666666666664,45.93333333333333,33.233333333333334,19.933333333333334,8.3
14.17,76.15,74.4,71.55000000000001,67.16666666666666,61.18333333333334,57.28333333333333,45.666666666666664,33.06666666666666,19.866666666666667,8.3
14.0,75.4,73.7,70.9,66.6,60.7,56.9,45.4,32.9,19.8,8.3
13.83,74.66666666666667,72.98333333333333,70.23333333333333,66.0,60.18333333333334,56.483333333333334,45.1,32.71666666666667,19.71666666666667,8.3
13.67,73.93333333333334,72.26666666666667,69.56666666666668,65.39999999999999,59.66666666666667,56.06666666666666,44.8,32.53333333333333,19.633333333333333,8.3
13.5,73.2,71.55000000000001,68.9,64.8,59.150000000000006,55.65,44.5,32.35,19.55,8.3
13.33,72.46666666666667,70.83333333333334,68.23333333333333,64.2,58.63333333333333,55.233333333333334,44.2,32.166666666666664,19.46666666666667,8.3
13.17,71.73333333333333,70.11666666666667,67.56666666666668,63.6,58.11666666666667,54.81666666666666,43.9,31.983333333333334,19.383333333333333,8.3
13.0,71.0,69.4,66.9,63.0,57.6,54.4,43.6,31.8,19.3,8.3
12.83,70.23333333333333,68.66666666666667,66.2,62.36666666666667,57.05,53.983333333333334,43.28333333333333,31.6,19.2,8.3
12.67,69.46666666666667,67.93333333333334,65.5,61.733333333333334,56.5,53.56666666666666,42.96666666666667,31.400000000000002,19.1,8.3
12.5,68.7,67.2,64.80000000000001,61.1,55.95,53.15,42.650000000000006,31.200000000000003,19.0,8.3
12.33,67.93333333333334,66.46666666666667,64.10000000000001,60.46666666666667,55.4,52.733333333333334,42.333333333333336,31.0,18.9,8.3
12.17,67.16666666666667,65.73333333333333,63.400000000000006,59.833333333333336,54.849999999999994,52.31666666666666,42.016666666666666,30.8,18.8,8.3
12.0,66.4,65.0,62.7,59.2,54.3,51.9,41.7,30.6,18.7,8.3
11.83,65.61666666666667,64.23333333333333,61.983333333333334,58.550000000000004,53.733333333333334,51.43333333333333,41.36666666666667,30.383333333333333,18.6,8.3
11.67,64.83333333333334,63.46666666666667,61.266666666666666,57.9,53.166666666666664,50.96666666666667,41.03333333333334,30.166666666666668,18.5,8.3
11.5,64.05000000000001,62.7,60.55,57.25,52.599999999999994,50.5,40.7,29.950000000000003,18.4,8.3
11.33,63.26666666666667,61.93333333333333,59.833333333333336,56.6,52.03333333333333,50.03333333333333,40.36666666666667,29.733333333333334,18.3,8.3
11.17,62.483333333333334,61.166666666666664,59.11666666666667,55.949999999999996,51.46666666666667,49.56666666666667,40.03333333333334,29.516666666666666,18.200000000000003,8.3
11.0,61.7,60.4,58.4,55.3,50.9,49.1,39.7,29.3,18.1,8.3
10.83,60.86666666666667,59.63333333333333,57.666666666666664,54.63333333333333,50.31666666666666,48.6,39.333333333333336,29.066666666666666,17.983333333333334,8.3
10.67,60.03333333333334,58.86666666666667,56.93333333333333,53.96666666666666,49.733333333333334,48.1,38.96666666666667,28.833333333333332,17.866666666666667,8.3
10.5,59.2,58.099999999999994,56.2,53.3,49.15,47.6,38.6,28.6,17.75,8.3
10.33,58.36666666666667,57.33333333333333,55.46666666666667,52.63333333333333,48.56666666666666,47.1,38.233333333333334,28.366666666666667,17.633333333333333,8.3
10.17,57.53333333333334,56.56666666666666,54.733333333333334,51.96666666666666,47.983333333333334,46.6,37.86666666666667,28.133333333333333,17.516666666666666,8.3
10.0,56.7,55.8,54.0,51.3,47.4,46.1,37.5,27.9,17.4,8.3
9.83,55.88333333333333,55.016666666666666,53.25,50.599999999999994,46.78333333333333,45.55,37.1,27.633333333333333,17.266666666666666,8.3
9.67,55.06666666666667,54.233333333333334,52.5,49.9,46.166666666666664,45.0,36.7,27.366666666666667,17.133333333333333,8.3
9.5,54.25,53.45,51.75,49.2,45.55,44.45,36.3,27.1,17.0,8.3
9.33,53.43333333333333,52.666666666666664,51.0,48.5,44.93333333333334,43.9,35.9,26.833333333333332,16.866666666666667,8.3
9.17,52.61666666666667,51.88333333333333,50.25,47.8,44.31666666666667,43.349999999999994,35.5,26.566666666666666,16.733333333333334,8.3
9.0,51.8,51.1,49.5,47.1,43.7,42.8,35.1,26.3,16.6,8.3
8.83,50.93333333333333,50.233333333333334,48.7,46.36666666666667,43.050000000000004,42.233333333333334,34.66666666666667,26.016666666666666,16.450000000000003,8.3
8.67,50.06666666666666,49.36666666666667,47.9,45.63333333333333,42.4,41.666666666666664,34.233333333333334,25.733333333333334,16.3,8.3
8.5,49.2,48.5,47.1,44.900000000000006,41.75,41.099999999999994,33.8,25.450000000000003,16.15,8.3
8.33,48.333333333333336,47.63333333333333,46.300000000000004,44.16666666666667,41.1,40.53333333333333,33.36666666666667,25.166666666666668,16.0,8.3
8.17,47.46666666666667,46.766666666666666,45.5,43.43333333333334,40.449999999999996,39.96666666666667,32.93333333333334,24.883333333333333,15.85,8.3
8.0,46.6,45.9,44.7,42.7,39.8,39.4,32.5,24.6,15.7,8.3
7.83,45.71666666666667,45.05,43.88333333333333,41.95,39.11666666666667,38.75,32.03333333333333,24.283333333333335,15.533333333333333,8.3
7.67,44.833333333333336,44.199999999999996,43.06666666666667,41.2,38.43333333333333,38.1,31.566666666666666,23.96666666666667,15.366666666666665,8.3
7.5,43.95,43.349999999999994,42.25,40.45,37.75,37.45,31.1,23.65,15.2,8.3
7.33,43.06666666666666,42.5,41.43333333333333,39.7,37.06666666666667,36.8,30.633333333333333,23.333333333333332,15.033333333333333,8.3
7.17,42.18333333333333,41.65,40.61666666666667,38.95,36.38333333333333,36.15,30.166666666666664,23.016666666666666,14.866666666666665,8.3
7.0,41.3,40.8,39.8,38.2,35.7,35.5,29.7,22.7,14.7,8.3
6.83,40.4,39.916666666666664,38.96666666666666,37.41666666666667,34.983333333333334,34.81666666666666,29.183333333333334,22.35,14.5,8.266666666666667
6.67,39.5,39.03333333333333,38.13333333333333,36.63333333333333,34.266666666666666,34.13333333333333,28.666666666666668,22.0,14.299999999999999,8.233333333333334
6.5,38.599999999999994,38.15,37.3,35.85,33.55,33.45,28.15,21.65,14.1,8.2
6.33,37.699999999999996,37.266666666666666,36.46666666666666,35.06666666666667,32.833333333333336,32.766666666666666,27.633333333333333,21.3,13.9,8.166666666666666
6.17,36.8,36.38333333333333,35.63333333333333,34.28333333333333,32.11666666666667,32.08333333333333,27.116666666666667,20.950000000000003,13.7,8.133333333333333
6.0,35.9,35.5,34.8,33.5,31.4,31.4,26.6,20.6,13.5,8.1
5.83,34.983333333333334,34.583333333333336,33.916666666666664,32.666666666666664,30.65,30.7,26.05,20.200000000000003,13.283333333333333,8.1
5.67,34.06666666666666,33.666666666666664,33.03333333333333,31.833333333333332,29.9,30.0,25.5,19.8,13.066666666666666,8.1
5.5,33.15,32.75,32.15,31.0,29.15,29.299999999999997,24.950000000000003,19.4,12.85,8.1
5.33,32.233333333333334,31.833333333333332,31.266666666666666,30.166666666666668,28.4,28.599999999999998,24.400000000000002,19.0,12.633333333333333,8.1
5.17,31.316666666666666,30.916666666666668,30.383333333333333,29.333333333333332,27.65,27.9,23.85,18.6,12.416666666666666,8.1
5.0,30.4,30.0,29.5,28.5,26.9,27.2,23.3,18.2,12.2,8.1
4.83,29.433333333333334,29.066666666666666,28.583333333333332,27.633333333333333,26.099999999999998,26.4,22.683333333333334,17.766666666666666,11.95,8.083333333333332
4.67,28.466666666666665,28.133333333333333,27.666666666666668,26.766666666666666,25.3,25.599999999999998,22.066666666666666,17.333333333333332,11.7,8.066666666666666
4.5,27.5,27.2,26.75,25.9,24.5,24.799999999999997,21.450000000000003,16.9,11.45,8.05
4.33,26.533333333333335,26.266666666666666,25.833333333333332,25.033333333333335,23.7,24.0,20.833333333333336,16.466666666666665,11.2,8.033333333333333
4.17,25.566666666666666,25.333333333333332,24.916666666666668,24.166666666666668,22.900000000000002,23.2,20.21666666666667,16.03333333333333,10.95,8.016666666666666
4.0,24.6,24.4,24.0,23.3,22.1,22.4,19.6,15.6,10.7,8.0
3.83,23.616666666666667,23.433333333333334,23.05,22.383333333333333,21.25,21.583333333333332,18.933333333333334,15.116666666666667,10.399999999999999,7.9
3.67,22.633333333333333,22.466666666666665,22.1,21.46666666666667,20.400000000000002,20.766666666666666,18.266666666666666,14.633333333333333,10.1,7.8
3.5,21.65,21.5,21.15,20.55,19.55,19.95,17.6,14.149999999999999,9.8,7.7
3.33,20.666666666666668,20.533333333333335,20.2,19.633333333333333,18.7,19.133333333333333,16.933333333333334,13.666666666666666,9.5,7.6000000000000005
3.17,19.683333333333334,19.566666666666666,19.25,18.71666666666667,17.85,18.316666666666666,16.266666666666666,13.183333333333334,9.2,7.5
3.0,18.7,18.6,18.3,17.8,17.0,17.5,15.6,12.7,8.9,7.4
2.83,17.7,17.583333333333336,17.316666666666666,16.866666666666667,16.116666666666667,16.583333333333332,14.85,12.133333333333333,8.533333333333333,7.25
2.67,16.7,16.566666666666666,16.333333333333336,15.933333333333334,15.233333333333333,15.666666666666666,14.1,11.566666666666666,8.166666666666668,7.1000000000000005
2.5,15.7,15.55,15.350000000000001,15.0,14.35,14.75,13.35,11.0,7.800000000000001,6.95
2.33,14.7,14.533333333333335,14.366666666666667,14.066666666666666,13.466666666666667,13.833333333333334,12.6,10.433333333333334,7.433333333333334,6.8
2.17,13.7,13.516666666666667,13.383333333333333,13.133333333333333,12.583333333333332,12.916666666666668,11.85,9.866666666666667,7.066666666666666,6.65
2.0,12.7,12.5,12.4,12.2,11.7,12.0,11.1,9.3,6.7,6.5
1.83,11.649999999999999,11.483333333333334,11.383333333333333,11.216666666666667,10.766666666666666,11.033333333333333,10.25,8.633333333333335,6.25,6.15
1.67,10.6,10.466666666666667,10.366666666666667,10.233333333333333,9.833333333333332,10.066666666666666,9.4,7.966666666666667,5.8,5.8
1.5,9.55,9.45,9.35,9.25,8.899999999999999,9.1,8.55,7.300000000000001,5.35,5.45
1.33,8.5,8.433333333333334,8.333333333333332,8.266666666666666,7.966666666666667,8.133333333333333,7.699999999999999,6.633333333333333,4.9,5.1000000000000005
1.17,7.45,7.416666666666667,7.316666666666666,7.283333333333333,7.033333333333333,7.166666666666667,6.85,5.966666666666667,4.45,4.75
1.0,6.4,6.4,6.3,6.3,6.1,6.2,6.0,5.3,4.0,4.4
0.83,5.333333333333334,5.333333333333334,5.25,5.25,5.083333333333333,5.166666666666667,5.0,4.416666666666666,3.3333333333333335,3.666666666666667
0.67,4.2666666666666675,4.2666666666666675,4.199999999999999,4.199999999999999,4.066666666666666,4.133333333333333,4.0,3.533333333333333,2.666666666666667,2.9333333333333336
0.5,3.2,3.2,3.1499999999999995,3.1499999999999995,3.05,3.0999999999999996,3.0,2.65,2.0,2.2
0.33,2.1333333333333337,2.1333333333333337,2.0999999999999996,2.0999999999999996,2.033333333333333,2.0666666666666664,2.0,1.7666666666666666,1.3333333333333335,1.4666666666666668
0.17,1.0666666666666673,1.0666666666666673,1.0499999999999998,1.0499999999999998,1.0166666666666666,1.0333333333333332,1.0,0.8833333333333337,0.666666666666667,0.7333333333333334
0.0,0.0,0.0,0.0,0.0,0.0,0.0,0.0,0.0,0.0,0.0
